Workbook

Sheet Daily Log
A1: STT | B1: Ngày | C1: T.gian bắt đầu | D1: T.gian kết thúc | E1: Tổng thời gian | F1: Độ hiểu | G1: % buổi học | H1: Tiến độ | I1: Ghi chú
A2: 1 | B2: 46197 | C2: 0 | D2: 0.0040393519 | E2: =IF(COUNTA(C2:D2)<2,"",MOD(D2-C2,1)) -> 0.0040393519 | F2: 5 | G2: =IF(E2="","",E2/TIME(Settings!$B$2,0,0)) -> 0.0080787037 | H2: =IF(B2="","",SUM($E$2:E2)/TIME(Settings!$B$2,0,0)) -> 0.0080787037 | I2: Test python, in là print
A3: 2 | B3: 46198 | C3: 0.0040393519 | D3: 0.022708333 | E3: =IF(COUNTA(C3:D3)<2,"",MOD(D3-C3,1)) -> 0.018668981 | F3: 5 | G3: =IF(E3="","",E3/TIME(Settings!$B$2,0,0)) -> 0.037337963 | H3: =IF(B3="","",SUM($E$2:E3)/TIME(Settings!$B$2,0,0)) -> 0.045416667 | I3: ten = "hai" print(f"toi ten {ten}") -->tương tự với int, float, boolean đổi kiểu dữ liệu: age = float(age) --> th đặc biệt: name = bool(name) luôn ra kq True --> chỉ False khi name rỗng giá trị, có thể dùng để ktra ô rỗng name = input("your name? : ") age = int(input("your age? : ")) age += 1 print(f"hello, {name}!") print(f"next year you are {age} years old") -->dùng hàm input để nhập gtri, gtri nhập luôn trả về dữ liệu string
A4: 3 | B4: 46199 | C4: =D3 -> 0.022708333 | D4: 0.048599537 | E4: =IF(COUNTA(C4:D4)<2,"",MOD(D4-C4,1)) -> 0.025891204 | F4: 5 | G4: =IF(E4="","",E4/TIME(Settings!$B$2,0,0)) -> 0.051782407 | H4: =IF(B4="","",SUM($E$2:E4)/TIME(Settings!$B$2,0,0)) -> 0.097199074 | I4: toán tử và if cơ bản, 3 prj cơ bản áp dụng
A5: 4 | B5: 46200 | C5: =D4 -> 0.048599537 | D5: 0.08255787 | E5: =IF(COUNTA(C5:D5)<2,"",MOD(D5-C5,1)) -> 0.033958333 | F5: 4 | G5: =IF(E5="","",E5/TIME(Settings!$B$2,0,0)) -> 0.067916667 | H5: =IF(B5="","",SUM($E$2:E5)/TIME(Settings!$B$2,0,0)) -> 0.16511574 | I5: * or, and, not, shortcut cho if: user_role = "admin" access_level = "Full Access" if user == "admin" else "Limited Access" *vài hàm str len(name): in ra độ dài str name.find("o"): tìm chữ o đầu trong chuỗi, in ra vị trí đếm từ 0, ko có trả gtri -1 name.rfind("o"): tìm chữ o từ cuối lên name.capitalize(): viết hoa chữ đầu name.upper(): viết hoa hết name.lower(): viết thường hết name.isdigit(): nếu str full số thì True, ngược lại False name.isalpha(): tương tự là chữ cái phone.count("-"): đếm số lần - xuất hiện trên str phone.replace("-", " "): thay cái 1 thành 2 *str index: str[start:end:step] credit[4]: lấy chữ cái stt 4, đếm từ 0, nếu để gtri âm thì lấy từ cuối lên bắt đầu từ -1 credit[5:9]: lấy từ 5 đến 9 credit[::3]: lấy theo khoảng cách 3, nếu để gtri âm thì lấy từ cuối lên *format specifiers: ={value:flags} sửa format như < căn trái, > căn phải, ^ căn giữa, +, ., ... *while
A6: 5 | B6: 46202 | C6: =D5 -> 0.08255787 | D6: 0.13302083 | E6: =IF(COUNTA(C6:D6)<2,"",MOD(D6-C6,1)) -> 0.050462963 | F6: 4 | G6: =IF(E6="","",E6/TIME(Settings!$B$2,0,0)) -> 0.10092593 | H6: =IF(B6="","",SUM($E$2:E6)/TIME(Settings!$B$2,0,0)) -> 0.26604167 | I6: *for x in range(), str, sequence, ... continue sẽ skip nếu điều kiện đúng, vòng for vẫn chạy tiếp break thì dừng hẳn vòng for nếu đkiện đúng *collection: list = [] theo thứ tự, thay đổi dc, lặp dc set = {} ko theo thứ tự, thay đổi dc, ko lặp tuple = () theo thứ tự, ko thay đổi dc, lặp dc, nhanh hơn list *ma trận 2d ()(), etc *dictionary {key:value} theo thứ tự và changeable, ko lặp (hiểu cơ bản là ma trận n X 2) *làm prj vs for, while, collection, 2d, dict
A7: 6 | B7: 46203 | C7: =D6 -> 0.13302083 | D7: 0.16125 | E7: =IF(COUNTA(C7:D7)<2,"",MOD(D7-C7,1)) -> 0.028229167 | F7: 4 | G7: =IF(E7="","",E7/TIME(Settings!$B$2,0,0)) -> 0.056458333 | H7: =IF(B7="","",SUM($E$2:E7)/TIME(Settings!$B$2,0,0)) -> 0.3225 | I7: random và 3 prj
A8: 7 | B8: 46204 | C8: =D7 -> 0.16125 | D8: 0.18788194 | E8: =IF(COUNTA(C8:D8)<2,"",MOD(D8-C8,1)) -> 0.026631944 | F8: 4 | G8: =IF(E8="","",E8/TIME(Settings!$B$2,0,0)) -> 0.053263889 | H8: =IF(B8="","",SUM($E$2:E8)/TIME(Settings!$B$2,0,0)) -> 0.37576389 | I8: hàm def name(arg1, arg2): positional default: có thể gán gtri biến đầu vào ngay count(end, start = 0): , gọi hàm thì có thể chỉ cần nhập các gtri chưa có, các gtri default thì để đằng sau keyword: gán giá trị vào tên biến hello("Hello", title="Mr.", last="Squarepants", first="Spongebob") arbitrary: *args ko giới hạn số gtri biến đầu vào, hiểu cơ bản biến thành 1 tuple **kwargs tương tự * nhưng có keyword, hiểu cơ bản biến thành 1 dictionary
A9: 8 | B9: 46209 | C9: =D8 -> 0.18788194 | D9: 0.24913194 | E9: =IF(COUNTA(C9:D9)<2,"",MOD(D9-C9,1)) -> 0.06125 | F9: 4 | G9: =IF(E9="","",E9/TIME(Settings!$B$2,0,0)) -> 0.1225 | H9: =IF(B9="","",SUM($E$2:E9)/TIME(Settings!$B$2,0,0)) -> 0.49826389 | I9: iterables: lặp vs list, tuple, set, str, dict membership operators: in, not in vs 5 trên list comprehension: tạo list [expression for value in interable if condition] match-case: là switch case modules: import các thư viện có sẵn hoặc cx có thể import 1 file tự tạo scope resolution: theo quy tắc LEGB local>enclosed>global>built-in local là biến khai báo thẳng trong hàm, có gtri lấy cao nhất enclosed là khai báo biến ở hàm ngoài khi ở tronng 2 vòng lặp hàm trở lên global khai báo trong file chính built-in các biến có sẵn gtri trong module như math.e if __name__ == '__main__': đ hiểu 2 prj
A10: 9 | B10: 46210 | C10: =D9 -> 0.24913194 | D10: 0.27259259 | E10: =IF(COUNTA(C10:D10)<2,"",MOD(D10-C10,1)) -> 0.023460648 | F10: 5 | G10: =IF(E10="","",E10/TIME(Settings!$B$2,0,0)) -> 0.046921296 | H10: =IF(B10="","",SUM($E$2:E10)/TIME(Settings!$B$2,0,0)) -> 0.54518519 | I10: 2 prj
A11: 10 | B11: 46211 | C11: =D10 -> 0.27259259 | D11: 0.29168981 | E11: =IF(COUNTA(C11:D11)<2,"",MOD(D11-C11,1)) -> 0.019097222 | F11: 5 | G11: =IF(E11="","",E11/TIME(Settings!$B$2,0,0)) -> 0.038194444 | H11: =IF(B11="","",SUM($E$2:E11)/TIME(Settings!$B$2,0,0)) -> 0.58337963 | I11: OOP trong python: khai báo, biến, cha con
A12: 11 | B12: 46212 | C12: =D11 -> 0.29168981 | D12: 0.37850694 | E12: =IF(COUNTA(C12:D12)<2,"",MOD(D12-C12,1)) -> 0.08681713 | F12: 4 | G12: =IF(E12="","",E12/TIME(Settings!$B$2,0,0)) -> 0.17363426 | H12: =IF(B12="","",SUM($E$2:E12)/TIME(Settings!$B$2,0,0)) -> 0.75701389 | I12: *multiple cha con super: super().__init__(a, b, c) dùng các biến chung từ th cha *polymorph: có 2 loại 1 là kế thừa 2 là duck typing *methods: static: hàm cục bộ dùng khi ko cần đến biến nhập vào class @staticmethod \n def name(abc): class: hàm dùng thoonn tin dc nhập vào class @classmethod \n def name(cls): magic: các hàm có sẵn *property *decorators *exception handling *file detection, writing, reading * date n time 1 prj
A13: 12 | B13: 46213 | C13: =D12 -> 0.37850694 | D13: 0.39049769 | E13: =IF(COUNTA(C13:D13)<2,"",MOD(D13-C13,1)) -> 0.011990741 | F13: 5 | G13: =IF(E13="","",E13/TIME(Settings!$B$2,0,0)) -> 0.023981481 | H13: =IF(B13="","",SUM($E$2:E13)/TIME(Settings!$B$2,0,0)) -> 0.78099537 | I13: multithreading và request api
A14: 13 | B14: 46216 | C14: =D13 -> 0.39049769 | D14: 0.41188657 | E14: =IF(COUNTA(C14:D14)<2,"",MOD(D14-C14,1)) -> 0.021388889 | F14: 4 | G14: =IF(E14="","",E14/TIME(Settings!$B$2,0,0)) -> 0.042777778 | H14: =IF(B14="","",SUM($E$2:E14)/TIME(Settings!$B$2,0,0)) -> 0.82377315 | I14: PyQt5 GUI, labels, images, layout
A15: 14 | B15: 46219 | C15: =D14 -> 0.41188657 | D15: 0.45043981 | E15: =IF(COUNTA(C15:D15)<2,"",MOD(D15-C15,1)) -> 0.038553241 | F15: 4 | G15: =IF(E15="","",E15/TIME(Settings!$B$2,0,0)) -> 0.077106481 | H15: =IF(B15="","",SUM($E$2:E15)/TIME(Settings!$B$2,0,0)) -> 0.90087963 | I15: PyQt5 buttons, checkboxes, radio buttons, line edits, CSS styles 1 prj
A16: 15 | B16: 46220 | C16: =D15 -> 0.45043981 | D16: 0.5 | E16: =IF(COUNTA(C16:D16)<2,"",MOD(D16-C16,1)) -> 0.049560185 | F16: 4 | G16: =IF(E16="","",E16/TIME(Settings!$B$2,0,0)) -> 0.09912037 | H16: =IF(B16="","",SUM($E$2:E16)/TIME(Settings!$B$2,0,0)) -> 1 | I16: 2 prj cuối
A17: =IF(B17="","",ROW()-1) | E17: =IF(COUNTA(C17:D17)<2,"",MOD(D17-C17,1)) | G17: =IF(E17="","",E17/TIME(Settings!$B$2,0,0)) | H17: =IF(B17="","",SUM($E$2:E17)/TIME(Settings!$B$2,0,0))
A18: =IF(B18="","",ROW()-1) | E18: =IF(COUNTA(C18:D18)<2,"",MOD(D18-C18,1)) | G18: =IF(E18="","",E18/TIME(Settings!$B$2,0,0)) | H18: =IF(B18="","",SUM($E$2:E18)/TIME(Settings!$B$2,0,0))
A19: =IF(B19="","",ROW()-1) | E19: =IF(COUNTA(C19:D19)<2,"",MOD(D19-C19,1)) | G19: =IF(E19="","",E19/TIME(Settings!$B$2,0,0)) | H19: =IF(B19="","",SUM($E$2:E19)/TIME(Settings!$B$2,0,0))
A20: =IF(B20="","",ROW()-1) | E20: =IF(COUNTA(C20:D20)<2,"",MOD(D20-C20,1)) | G20: =IF(E20="","",E20/TIME(Settings!$B$2,0,0)) | H20: =IF(B20="","",SUM($E$2:E20)/TIME(Settings!$B$2,0,0))
A21: =IF(B21="","",ROW()-1) | E21: =IF(COUNTA(C21:D21)<2,"",MOD(D21-C21,1)) | G21: =IF(E21="","",E21/TIME(Settings!$B$2,0,0)) | H21: =IF(B21="","",SUM($E$2:E21)/TIME(Settings!$B$2,0,0))
A22: =IF(B22="","",ROW()-1) | E22: =IF(COUNTA(C22:D22)<2,"",MOD(D22-C22,1)) | G22: =IF(E22="","",E22/TIME(Settings!$B$2,0,0)) | H22: =IF(B22="","",SUM($E$2:E22)/TIME(Settings!$B$2,0,0))
A23: =IF(B23="","",ROW()-1) | E23: =IF(COUNTA(C23:D23)<2,"",MOD(D23-C23,1)) | G23: =IF(E23="","",E23/TIME(Settings!$B$2,0,0)) | H23: =IF(B23="","",SUM($E$2:E23)/TIME(Settings!$B$2,0,0))
A24: =IF(B24="","",ROW()-1) | E24: =IF(COUNTA(C24:D24)<2,"",MOD(D24-C24,1)) | G24: =IF(E24="","",E24/TIME(Settings!$B$2,0,0)) | H24: =IF(B24="","",SUM($E$2:E24)/TIME(Settings!$B$2,0,0))
A25: =IF(B25="","",ROW()-1) | E25: =IF(COUNTA(C25:D25)<2,"",MOD(D25-C25,1)) | G25: =IF(E25="","",E25/TIME(Settings!$B$2,0,0)) | H25: =IF(B25="","",SUM($E$2:E25)/TIME(Settings!$B$2,0,0))
A26: =IF(B26="","",ROW()-1) | E26: =IF(COUNTA(C26:D26)<2,"",MOD(D26-C26,1)) | G26: =IF(E26="","",E26/TIME(Settings!$B$2,0,0)) | H26: =IF(B26="","",SUM($E$2:E26)/TIME(Settings!$B$2,0,0))
A27: =IF(B27="","",ROW()-1) | E27: =IF(COUNTA(C27:D27)<2,"",MOD(D27-C27,1)) | G27: =IF(E27="","",E27/TIME(Settings!$B$2,0,0)) | H27: =IF(B27="","",SUM($E$2:E27)/TIME(Settings!$B$2,0,0))
A28: =IF(B28="","",ROW()-1) | E28: =IF(COUNTA(C28:D28)<2,"",MOD(D28-C28,1)) | G28: =IF(E28="","",E28/TIME(Settings!$B$2,0,0)) | H28: =IF(B28="","",SUM($E$2:E28)/TIME(Settings!$B$2,0,0))
... A101: =IF(B101="","",ROW()-1) | E101: =IF(COUNTA(C101:D101)<2,"",MOD(D101-C101,1)) | G101: =IF(E101="","",E101/TIME(Settings!$B$2,0,0)) | H101: =IF(B101="","",SUM($E$2:E101)/TIME(Settings!$B$2,0,0))

Sheet Dashboard
A1: DASHBOARD THEO DÕI HỌC YOUTUBE - MỤC TIÊU 12 GIỜ
J2: Mục | K2: Giờ
A3: 🎯 Mục tiêu | B3: =TIME(Settings!B2,0,0) -> 0.5 | J3: Đã học | K3: =$B$4*24 -> 12
A4: ⏱ Đã học | B4: =SUM('Daily Log'!E2:E101) -> 0.5 | J4: Còn lại | K4: =MAX(Settings!$B$2-K3,0) -> 0
A5: ⌛ Còn lại | B5: =MAX(TIME(Settings!B2,0,0)-B4,0) -> 0
A6: 📈 Tiến độ | B6: =MIN(B4/TIME(Settings!B2,0,0),1) -> 1
A7: ⭐ Độ hiểu TB | B7: =IFERROR(AVERAGE('Daily Log'!F2:F101),"") -> 4.4 | J7: Ngày | K7: Tiến độ
A8: 🔥 Số buổi học | B8: =COUNT('Daily Log'!B2:B101) -> 15 | J8: ='Daily Log'!B2 -> 46197 | K8: ='Daily Log'!H2 -> 0.0080787037
J9: ='Daily Log'!B3 -> 46198 | K9: ='Daily Log'!H3 -> 0.045416667
A10: Thanh tiến độ | B10: =REPT("█",ROUND(B6*30,0))&REPT("░",30-ROUND(B6*30,0)) -> ██████████████████████████████ | J10: ='Daily Log'!B4 -> 46199 | K10: ='Daily Log'!H4 -> 0.097199074
J11: ='Daily Log'!B5 -> 46200 | K11: ='Daily Log'!H5 -> 0.16511574
J12: ='Daily Log'!B6 -> 46202 | K12: ='Daily Log'!H6 -> 0.26604167
A13: Hướng dẫn: nhập Ngày + T.gian bắt đầu + T.gian kết thúc ở sheet Daily Log. Dashboard tự cập nhật tổng giờ, %, biểu đồ và thanh tiến độ. | J13: ='Daily Log'!B7 -> 46203 | K13: ='Daily Log'!H7 -> 0.3225
J14: ='Daily Log'!B8 -> 46204 | K14: ='Daily Log'!H8 -> 0.37576389
J15: ='Daily Log'!B9 -> 46209 | K15: ='Daily Log'!H9 -> 0.49826389
J16: ='Daily Log'!B10 -> 46210 | K16: ='Daily Log'!H10 -> 0.54518519
J17: ='Daily Log'!B11 -> 46211 | K17: ='Daily Log'!H11 -> 0.58337963
J18: ='Daily Log'!B12 -> 46212 | K18: ='Daily Log'!H12 -> 0.75701389
J19: ='Daily Log'!B13 -> 46213 | K19: ='Daily Log'!H13 -> 0.78099537
J20: ='Daily Log'!B14 -> 46216 | K20: ='Daily Log'!H14 -> 0.82377315
J21: ='Daily Log'!B15 -> 46219 | K21: ='Daily Log'!H15 -> 0.90087963
J22: ='Daily Log'!B16 -> 46220 | K22: ='Daily Log'!H16 -> 1

Sheet Settings
A1: Tên | B1: Giá trị
A2: Mục tiêu giờ | B2: 12
A3: Trạng thái mẫu
A4: Độ hiểu thấp nhất | B4: 1
A5: Độ hiểu cao nhất | B5: 5
A6: Màu biểu đồ
A7: Ghi chú | B7: Chỉ nhập dữ liệu ở Daily Log: Ngày, T.gian bắt đầu, T.gian kết thúc, Độ hiểu, Ghi chú.
